tool,TP,FP,FN,TN,Accuracy,Recall,FPR,Precision,F1,dataset,pcap,traffic_generator,attack
snort,712,5040,3383,49517,0.8563902339221169,0.17387057387057386,0.0923804461389006,0.12378303198887343,0.14461257235706307,UNSW-NB15,pcaps_22-1-2015/pcaps_22-1-2015.pcap,,
